continent	sex	intercept	slope
Africa	female	12.007310726221686	3.6983250172231323
Africa	male	14.208564453714057	2.568614212720336
Americas	female	17.647691484830297	2.388127630140154
Americas	male	14.130169571031477	3.014610937925652
Asia	female	14.841151093414195	2.588361079145926
Asia	male	12.341867866727243	3.0836044977372827
Europe	female	29.38283864891669	-0.8531342815904005
Europe	male	24.423672393435833	0.4958891058746548
