continent	sex	mean_BMI	median_BMI	min_BMI	max_BMI
Africa	female	24.0148284	23.433105	20.61484	29.95573
Africa	male	22.5481994	22.18523	19.8291	26.64671
Americas	female	27.01803625	26.93672	23.16703	30.08747
Americas	male	25.958659583333333	25.904165	23.58323	28.37574
Asia	female	24.666736666666665	23.3839	20.40963	31.01442
Asia	male	24.047429393939392	23.92079	20.35493	29.003
Europe	female	25.683557586206895	25.60437	24.06285	28.18455
Europe	male	26.573900344827585	26.49896	25.28747	27.57676
